{"cameraMode":{"drawMode":0,"name":"Shaded","section":"Shading Mode"},"sceneLighting":false,"audioPlay":false,"sceneViewState":{"showFog":false,"showMaterialUpdate":false,"showSkybox":false,"showFlares":false,"showImageEffects":false,"showParticleSystems":false},"in2DMode":false,"pivot":{"x":4.76837158203125e-7,"y":2.578003168106079,"z":1.428003191947937},"rotation":{"x":-0.061383042484521869,"y":-0.05028141289949417,"z":0.0030962578020989897,"w":-0.9968422055244446},"size":26.18544578552246,"orthographic":false}