{"cameraMode":{"drawMode":0,"name":"Shaded","section":"Shading Mode"},"sceneLighting":false,"audioPlay":false,"sceneViewState":{"showFog":false,"showMaterialUpdate":false,"showSkybox":false,"showFlares":false,"showImageEffects":false,"showParticleSystems":false},"in2DMode":false,"pivot":{"x":2.9920501708984377,"y":2.8327956199645998,"z":-3.196925401687622},"rotation":{"x":0.36206328868865969,"y":0.00922663789242506,"z":-0.003584083402529359,"w":0.9321009516716003},"size":3.429063320159912,"orthographic":false}