{"cameraMode":{"drawMode":0,"name":"Shaded","section":"Shading Mode"},"sceneLighting":false,"audioPlay":false,"sceneViewState":{"showFog":false,"showMaterialUpdate":false,"showSkybox":false,"showFlares":false,"showImageEffects":false,"showParticleSystems":false},"in2DMode":false,"pivot":{"x":3.02431321144104,"y":1.5161652565002442,"z":-2.057590961456299},"rotation":{"x":0.5097485780715942,"y":0.003871571272611618,"z":-0.002294044941663742,"w":0.8603116869926453},"size":6.745779037475586,"orthographic":false}