{"cameraMode":{"drawMode":0,"name":"Shaded","section":"Shading Mode"},"sceneLighting":false,"audioPlay":false,"sceneViewState":{"showFog":false,"showMaterialUpdate":false,"showSkybox":false,"showFlares":false,"showImageEffects":false,"showParticleSystems":false},"in2DMode":false,"pivot":{"x":3.2170348167419435,"y":-0.0186917781829834,"z":0.42120033502578738},"rotation":{"x":0.05965397134423256,"y":0.708145022392273,"z":-0.06026461720466614,"w":0.7009567022323608},"size":8.631115913391114,"orthographic":false}