{"cameraMode":{"drawMode":0,"name":"Shaded","section":"Shading Mode"},"sceneLighting":false,"audioPlay":false,"sceneViewState":{"showFog":false,"showMaterialUpdate":false,"showSkybox":false,"showFlares":false,"showImageEffects":false,"showParticleSystems":false},"in2DMode":false,"pivot":{"x":9.294565200805664,"y":-9.205362319946289,"z":1.250044822692871},"rotation":{"x":0.5097485780715942,"y":0.003871571272611618,"z":-0.002294044941663742,"w":0.8603116869926453},"size":17.079540252685548,"orthographic":false}