{"cameraMode":{"drawMode":0,"name":"Shaded","section":"Shading Mode"},"sceneLighting":false,"audioPlay":false,"sceneViewState":{"showFog":false,"showMaterialUpdate":false,"showSkybox":false,"showFlares":false,"showImageEffects":false,"showParticleSystems":false},"in2DMode":false,"pivot":{"x":-0.1200820803642273,"y":0.2118915468454361,"z":0.3345243036746979},"rotation":{"x":0.04877808317542076,"y":0.8398758769035339,"z":-0.07655313611030579,"w":0.5351344347000122},"size":2.4897780418395998,"orthographic":false}