{"cameraMode":{"drawMode":0,"name":"Shaded","section":"Shading Mode"},"sceneLighting":false,"audioPlay":false,"sceneViewState":{"showFog":false,"showMaterialUpdate":false,"showSkybox":false,"showFlares":false,"showImageEffects":false,"showParticleSystems":false},"in2DMode":false,"pivot":{"x":-0.08429908752441406,"y":-1.034029245376587,"z":-0.7532820701599121},"rotation":{"x":0.16368232667446137,"y":0.5108994245529175,"z":-0.09979228675365448,"w":0.8379924893379211},"size":10.232000350952149,"orthographic":false}