{"cameraMode":{"drawMode":0,"name":"Shaded","section":"Shading Mode"},"sceneLighting":false,"audioPlay":false,"sceneViewState":{"showFog":false,"showMaterialUpdate":false,"showSkybox":false,"showFlares":false,"showImageEffects":false,"showParticleSystems":false},"in2DMode":false,"pivot":{"x":20.15291404724121,"y":0.8397220969200134,"z":-6.0},"rotation":{"x":0.018896348774433137,"y":0.007498466409742832,"z":-0.00014162537991069257,"w":0.9997933506965637},"size":6.338833332061768,"orthographic":false}