{"cameraMode":{"drawMode":0,"name":"Shaded","section":"Shading Mode"},"sceneLighting":false,"audioPlay":false,"sceneViewState":{"showFog":false,"showMaterialUpdate":false,"showSkybox":false,"showFlares":false,"showImageEffects":false,"showParticleSystems":false},"in2DMode":false,"pivot":{"x":0.26038265228271487,"y":1.945664882659912,"z":0.060751914978027347},"rotation":{"x":0.04877808317542076,"y":0.8398758769035339,"z":-0.07655313611030579,"w":0.5351344347000122},"size":16.04816246032715,"orthographic":false}