{"cameraMode":{"drawMode":0,"name":"Shaded","section":"Shading Mode"},"sceneLighting":false,"audioPlay":false,"sceneViewState":{"showFog":false,"showMaterialUpdate":false,"showSkybox":false,"showFlares":false,"showImageEffects":false,"showParticleSystems":false},"in2DMode":false,"pivot":{"x":0.09080713987350464,"y":-0.22987675666809083,"z":-0.5150719881057739},"rotation":{"x":-0.3178045153617859,"y":-0.05599580332636833,"z":0.018804164603352548,"w":-0.9463145136833191},"size":2.5342133045196535,"orthographic":false}