{"cameraMode":{"drawMode":0,"name":"Shaded","section":"Shading Mode"},"sceneLighting":false,"audioPlay":false,"sceneViewState":{"showFog":false,"showMaterialUpdate":false,"showSkybox":false,"showFlares":false,"showImageEffects":false,"showParticleSystems":false},"in2DMode":false,"pivot":{"x":2.737774133682251,"y":2.685858726501465,"z":-1.7510499954223633},"rotation":{"x":0.18342334032058717,"y":0.38072216510772707,"z":-0.07733407616615296,"w":0.9030094146728516},"size":7.396484851837158,"orthographic":false}